<?xml version="1.0" encoding="UTF-8"?>
<!-- Created with TexturePacker http://www.codeandweb.com/texturepacker-->
<!-- $TexturePacker:SmartUpdate:727568843b686ab508a57cb009c0d2c6:197caca6c5e8378b929eafa066adffb3:ef7663426bf705b25566a93aef3a1571$ -->
<!--Format:
n  => name of the sprite
x  => sprite x pos in texture
y  => sprite y pos in texture
w  => sprite width (may be trimmed)
h  => sprite height (may be trimmed)
pX => x pos of the pivot point (relative to sprite width)
pY => y pos of the pivot point (relative to sprite height)
oX => sprite's x-corner offset (only available if trimmed)
oY => sprite's y-corner offset (only available if trimmed)
oW => sprite's original width (only available if trimmed)
oH => sprite's original height (only available if trimmed)
r => 'y' only set if sprite is rotated
-->
<TextureAtlas imagePath="spritesheet.png" width="502" height="1005">
    <sprite n="enemy_1_b_l1.png" x="332" y="807" w="64" h="64" pX="0.5" pY="0.5"/>
    <sprite n="enemy_1_b_l2.png" x="2" y="609" w="64" h="64" pX="0.5" pY="0.5"/>
    <sprite n="enemy_1_b_m.png" x="398" y="543" w="64" h="64" pX="0.5" pY="0.5"/>
    <sprite n="enemy_1_b_r1.png" x="68" y="609" w="64" h="64" pX="0.5" pY="0.5"/>
    <sprite n="enemy_1_b_r2.png" x="332" y="543" w="64" h="64" pX="0.5" pY="0.5"/>
    <sprite n="enemy_1_g_l1.png" x="200" y="543" w="64" h="64" pX="0.5" pY="0.5"/>
    <sprite n="enemy_1_g_l2.png" x="2" y="477" w="64" h="64" pX="0.5" pY="0.5"/>
    <sprite n="enemy_1_g_m.png" x="266" y="477" w="64" h="64" pX="0.5" pY="0.5"/>
    <sprite n="enemy_1_g_r1.png" x="2" y="543" w="64" h="64" pX="0.5" pY="0.5"/>
    <sprite n="enemy_1_g_r2.png" x="398" y="477" w="64" h="64" pX="0.5" pY="0.5"/>
    <sprite n="enemy_1_r_l1.png" x="68" y="543" w="64" h="64" pX="0.5" pY="0.5"/>
    <sprite n="enemy_1_r_l2.png" x="332" y="477" w="64" h="64" pX="0.5" pY="0.5"/>
    <sprite n="enemy_1_r_m.png" x="200" y="477" w="64" h="64" pX="0.5" pY="0.5"/>
    <sprite n="enemy_1_r_r1.png" x="68" y="477" w="64" h="64" pX="0.5" pY="0.5"/>
    <sprite n="enemy_1_r_r2.png" x="2" y="675" w="64" h="64" pX="0.5" pY="0.5"/>
    <sprite n="enemy_1_shadow_l1.png" x="332" y="675" w="64" h="64" pX="0.5" pY="0.5"/>
    <sprite n="enemy_1_shadow_l2.png" x="200" y="873" w="64" h="64" pX="0.5" pY="0.5"/>
    <sprite n="enemy_1_shadow_m.png" x="134" y="873" w="64" h="64" pX="0.5" pY="0.5"/>
    <sprite n="enemy_1_shadow_r1.png" x="266" y="873" w="64" h="64" pX="0.5" pY="0.5"/>
    <sprite n="enemy_1_shadow_r2.png" x="68" y="873" w="64" h="64" pX="0.5" pY="0.5"/>
    <sprite n="enemy_2_b_l1.png" x="398" y="807" w="64" h="64" pX="0.5" pY="0.5"/>
    <sprite n="enemy_2_b_l2.png" x="200" y="675" w="64" h="64" pX="0.5" pY="0.5"/>
    <sprite n="enemy_2_b_m.png" x="332" y="873" w="64" h="64" pX="0.5" pY="0.5"/>
    <sprite n="enemy_2_b_r1.png" x="68" y="939" w="64" h="64" pX="0.5" pY="0.5"/>
    <sprite n="enemy_2_b_r2.png" x="266" y="939" w="64" h="64" pX="0.5" pY="0.5"/>
    <sprite n="enemy_2_g_l1.png" x="200" y="939" w="64" h="64" pX="0.5" pY="0.5"/>
    <sprite n="enemy_2_g_l2.png" x="332" y="939" w="64" h="64" pX="0.5" pY="0.5"/>
    <sprite n="enemy_2_g_m.png" x="134" y="939" w="64" h="64" pX="0.5" pY="0.5"/>
    <sprite n="enemy_2_g_r1.png" x="2" y="939" w="64" h="64" pX="0.5" pY="0.5"/>
    <sprite n="enemy_2_g_r2.png" x="398" y="873" w="64" h="64" pX="0.5" pY="0.5"/>
    <sprite n="enemy_2_r_l1.png" x="2" y="873" w="64" h="64" pX="0.5" pY="0.5"/>
    <sprite n="enemy_2_r_l2.png" x="266" y="807" w="64" h="64" pX="0.5" pY="0.5"/>
    <sprite n="enemy_2_r_m.png" x="68" y="741" w="64" h="64" pX="0.5" pY="0.5"/>
    <sprite n="enemy_2_r_r1.png" x="2" y="741" w="64" h="64" pX="0.5" pY="0.5"/>
    <sprite n="enemy_2_r_r2.png" x="134" y="741" w="64" h="64" pX="0.5" pY="0.5"/>
    <sprite n="enemy_2_shadow_l1.png" x="398" y="675" w="64" h="64" pX="0.5" pY="0.5"/>
    <sprite n="enemy_2_shadow_l2.png" x="266" y="675" w="64" h="64" pX="0.5" pY="0.5"/>
    <sprite n="enemy_2_shadow_m.png" x="200" y="741" w="64" h="64" pX="0.5" pY="0.5"/>
    <sprite n="enemy_2_shadow_r1.png" x="398" y="741" w="64" h="64" pX="0.5" pY="0.5"/>
    <sprite n="enemy_2_shadow_r2.png" x="134" y="807" w="64" h="64" pX="0.5" pY="0.5"/>
    <sprite n="exhaust_01.png" x="68" y="807" w="64" h="64" pX="0.5" pY="0.5"/>
    <sprite n="exhaust_02.png" x="200" y="807" w="64" h="64" pX="0.5" pY="0.5"/>
    <sprite n="exhaust_03.png" x="2" y="807" w="64" h="64" pX="0.5" pY="0.5"/>
    <sprite n="exhaust_04.png" x="332" y="741" w="64" h="64" pX="0.5" pY="0.5"/>
    <sprite n="exhaust_05.png" x="266" y="741" w="64" h="64" pX="0.5" pY="0.5"/>
    <sprite n="explosion_1_01.png" x="56" y="305" w="52" h="51" pX="0.5" pY="0.5"/>
    <sprite n="explosion_1_02.png" x="164" y="305" w="52" h="51" pX="0.5" pY="0.5"/>
    <sprite n="explosion_1_03.png" x="326" y="305" w="52" h="51" pX="0.5" pY="0.5"/>
    <sprite n="explosion_1_04.png" x="218" y="305" w="52" h="51" pX="0.5" pY="0.5"/>
    <sprite n="explosion_1_05.png" x="272" y="305" w="52" h="51" pX="0.5" pY="0.5"/>
    <sprite n="explosion_1_06.png" x="110" y="305" w="52" h="51" pX="0.5" pY="0.5"/>
    <sprite n="explosion_1_07.png" x="2" y="305" w="52" h="51" pX="0.5" pY="0.5"/>
    <sprite n="explosion_1_08.png" x="152" y="252" w="52" h="51" pX="0.5" pY="0.5"/>
    <sprite n="explosion_1_09.png" x="260" y="252" w="52" h="51" pX="0.5" pY="0.5"/>
    <sprite n="explosion_1_10.png" x="422" y="252" w="52" h="51" pX="0.5" pY="0.5"/>
    <sprite n="explosion_1_11.png" x="314" y="252" w="52" h="51" pX="0.5" pY="0.5"/>
    <sprite n="explosion_2_01.png" x="56" y="305" w="52" h="51" pX="0.5" pY="0.5"/>
    <sprite n="explosion_2_02.png" x="164" y="305" w="52" h="51" pX="0.5" pY="0.5"/>
    <sprite n="explosion_2_03.png" x="368" y="252" w="52" h="51" pX="0.5" pY="0.5"/>
    <sprite n="explosion_2_04.png" x="206" y="252" w="52" h="51" pX="0.5" pY="0.5"/>
    <sprite n="explosion_2_05.png" x="380" y="305" w="52" h="51" pX="0.5" pY="0.5"/>
    <sprite n="explosion_2_06.png" x="164" y="358" w="52" h="51" pX="0.5" pY="0.5"/>
    <sprite n="explosion_2_07.png" x="110" y="358" w="52" h="51" pX="0.5" pY="0.5"/>
    <sprite n="explosion_2_08.png" x="218" y="358" w="52" h="51" pX="0.5" pY="0.5"/>
    <sprite n="explosion_2_09.png" x="272" y="358" w="52" h="51" pX="0.5" pY="0.5"/>
    <sprite n="explosion_3_01.png" x="56" y="358" w="52" h="51" pX="0.5" pY="0.5"/>
    <sprite n="explosion_3_02.png" x="434" y="305" w="52" h="51" pX="0.5" pY="0.5"/>
    <sprite n="explosion_3_03.png" x="2" y="358" w="52" h="51" pX="0.5" pY="0.5"/>
    <sprite n="explosion_3_04.png" x="2" y="411" w="52" h="51" pX="0.5" pY="0.5"/>
    <sprite n="explosion_3_05.png" x="110" y="411" w="52" h="51" pX="0.5" pY="0.5"/>
    <sprite n="explosion_3_06.png" x="56" y="411" w="52" h="51" pX="0.5" pY="0.5"/>
    <sprite n="explosion_3_07.png" x="434" y="358" w="52" h="51" pX="0.5" pY="0.5"/>
    <sprite n="explosion_3_08.png" x="380" y="358" w="52" h="51" pX="0.5" pY="0.5"/>
    <sprite n="explosion_3_09.png" x="326" y="358" w="52" h="51" pX="0.5" pY="0.5"/>
    <sprite n="mine_11_01.png" x="102" y="202" w="48" h="48" pX="0.5" pY="0.5"/>
    <sprite n="mine_11_02.png" x="102" y="252" w="48" h="48" pX="0.5" pY="0.5"/>
    <sprite n="mine_11_03.png" x="352" y="52" w="48" h="48" pX="0.5" pY="0.5"/>
    <sprite n="mine_11_04.png" x="402" y="52" w="48" h="48" pX="0.5" pY="0.5"/>
    <sprite n="mine_11_05.png" x="302" y="52" w="48" h="48" pX="0.5" pY="0.5"/>
    <sprite n="mine_11_06.png" x="202" y="52" w="48" h="48" pX="0.5" pY="0.5"/>
    <sprite n="mine_11_07.png" x="452" y="52" w="48" h="48" pX="0.5" pY="0.5"/>
    <sprite n="mine_11_08.png" x="52" y="102" w="48" h="48" pX="0.5" pY="0.5"/>
    <sprite n="mine_11_09.png" x="202" y="102" w="48" h="48" pX="0.5" pY="0.5"/>
    <sprite n="mine_12_01.png" x="152" y="102" w="48" h="48" pX="0.5" pY="0.5"/>
    <sprite n="mine_12_02.png" x="152" y="52" w="48" h="48" pX="0.5" pY="0.5"/>
    <sprite n="mine_12_03.png" x="102" y="102" w="48" h="48" pX="0.5" pY="0.5"/>
    <sprite n="mine_12_04.png" x="2" y="102" w="48" h="48" pX="0.5" pY="0.5"/>
    <sprite n="mine_12_05.png" x="252" y="52" w="48" h="48" pX="0.5" pY="0.5"/>
    <sprite n="mine_12_06.png" x="2" y="52" w="48" h="48" pX="0.5" pY="0.5"/>
    <sprite n="mine_12_07.png" x="225" y="2" w="48" h="48" pX="0.5" pY="0.5"/>
    <sprite n="mine_12_08.png" x="175" y="2" w="48" h="48" pX="0.5" pY="0.5"/>
    <sprite n="mine_12_09.png" x="125" y="2" w="48" h="48" pX="0.5" pY="0.5"/>
    <sprite n="mine_1_01.png" x="75" y="2" w="48" h="48" pX="0.5" pY="0.5"/>
    <sprite n="mine_1_02.png" x="275" y="2" w="48" h="48" pX="0.5" pY="0.5"/>
    <sprite n="mine_1_03.png" x="425" y="2" w="48" h="48" pX="0.5" pY="0.5"/>
    <sprite n="mine_1_04.png" x="52" y="52" w="48" h="48" pX="0.5" pY="0.5"/>
    <sprite n="mine_1_05.png" x="102" y="52" w="48" h="48" pX="0.5" pY="0.5"/>
    <sprite n="mine_1_06.png" x="325" y="2" w="48" h="48" pX="0.5" pY="0.5"/>
    <sprite n="mine_1_07.png" x="375" y="2" w="48" h="48" pX="0.5" pY="0.5"/>
    <sprite n="mine_1_08.png" x="252" y="102" w="48" h="48" pX="0.5" pY="0.5"/>
    <sprite n="mine_1_09.png" x="402" y="102" w="48" h="48" pX="0.5" pY="0.5"/>
    <sprite n="mine_1_shadow_01.png" x="152" y="202" w="48" h="48" pX="0.5" pY="0.5"/>
    <sprite n="mine_1_shadow_02.png" x="202" y="202" w="48" h="48" pX="0.5" pY="0.5"/>
    <sprite n="mine_1_shadow_03.png" x="302" y="102" w="48" h="48" pX="0.5" pY="0.5"/>
    <sprite n="mine_1_shadow_04.png" x="2" y="202" w="48" h="48" pX="0.5" pY="0.5"/>
    <sprite n="mine_1_shadow_05.png" x="252" y="202" w="48" h="48" pX="0.5" pY="0.5"/>
    <sprite n="mine_1_shadow_06.png" x="352" y="202" w="48" h="48" pX="0.5" pY="0.5"/>
    <sprite n="mine_1_shadow_07.png" x="2" y="252" w="48" h="48" pX="0.5" pY="0.5"/>
    <sprite n="mine_1_shadow_08.png" x="452" y="202" w="48" h="48" pX="0.5" pY="0.5"/>
    <sprite n="mine_21_01.png" x="52" y="252" w="48" h="48" pX="0.5" pY="0.5"/>
    <sprite n="mine_21_02.png" x="402" y="202" w="48" h="48" pX="0.5" pY="0.5"/>
    <sprite n="mine_21_03.png" x="302" y="202" w="48" h="48" pX="0.5" pY="0.5"/>
    <sprite n="mine_21_04.png" x="52" y="202" w="48" h="48" pX="0.5" pY="0.5"/>
    <sprite n="mine_22_01.png" x="452" y="152" w="48" h="48" pX="0.5" pY="0.5"/>
    <sprite n="mine_22_02.png" x="2" y="152" w="48" h="48" pX="0.5" pY="0.5"/>
    <sprite n="mine_22_03.png" x="52" y="152" w="48" h="48" pX="0.5" pY="0.5"/>
    <sprite n="mine_22_04.png" x="452" y="102" w="48" h="48" pX="0.5" pY="0.5"/>
    <sprite n="mine_2_01.png" x="352" y="102" w="48" h="48" pX="0.5" pY="0.5"/>
    <sprite n="mine_2_02.png" x="102" y="152" w="48" h="48" pX="0.5" pY="0.5"/>
    <sprite n="mine_2_03.png" x="202" y="152" w="48" h="48" pX="0.5" pY="0.5"/>
    <sprite n="mine_2_04.png" x="352" y="152" w="48" h="48" pX="0.5" pY="0.5"/>
    <sprite n="mine_2_shadow_01.png" x="302" y="152" w="48" h="48" pX="0.5" pY="0.5"/>
    <sprite n="mine_2_shadow_02.png" x="402" y="152" w="48" h="48" pX="0.5" pY="0.5"/>
    <sprite n="mine_2_shadow_03.png" x="252" y="152" w="48" h="48" pX="0.5" pY="0.5"/>
    <sprite n="mine_2_shadow_04.png" x="152" y="152" w="48" h="48" pX="0.5" pY="0.5"/>
    <sprite n="plasma_1.png" x="30" y="2" w="6" h="21" pX="0.5" pY="0.5"/>
    <sprite n="plasma_2.png" x="15" y="2" w="5" h="15" pX="0.5" pY="0.5"/>
    <sprite n="player_b_l1.png" x="164" y="411" w="64" h="64" pX="0.5" pY="0.5"/>
    <sprite n="player_b_l2.png" x="230" y="411" w="64" h="64" pX="0.5" pY="0.5"/>
    <sprite n="player_b_m.png" x="296" y="411" w="64" h="64" pX="0.5" pY="0.5"/>
    <sprite n="player_b_r1.png" x="362" y="411" w="64" h="64" pX="0.5" pY="0.5"/>
    <sprite n="player_b_r2.png" x="428" y="411" w="64" h="64" pX="0.5" pY="0.5"/>
    <sprite n="player_r_l1.png" x="134" y="477" w="64" h="64" pX="0.5" pY="0.5"/>
    <sprite n="player_r_l2.png" x="266" y="543" w="64" h="64" pX="0.5" pY="0.5"/>
    <sprite n="player_r_m.png" x="200" y="609" w="64" h="64" pX="0.5" pY="0.5"/>
    <sprite n="player_r_r1.png" x="266" y="609" w="64" h="64" pX="0.5" pY="0.5"/>
    <sprite n="player_r_r2.png" x="398" y="609" w="64" h="64" pX="0.5" pY="0.5"/>
    <sprite n="player_shadow_l1.png" x="134" y="675" w="64" h="64" pX="0.5" pY="0.5"/>
    <sprite n="player_shadow_l2.png" x="134" y="543" w="64" h="64" pX="0.5" pY="0.5"/>
    <sprite n="player_shadow_m.png" x="68" y="675" w="64" h="64" pX="0.5" pY="0.5"/>
    <sprite n="player_shadow_r1.png" x="332" y="609" w="64" h="64" pX="0.5" pY="0.5"/>
    <sprite n="player_shadow_r2.png" x="134" y="609" w="64" h="64" pX="0.5" pY="0.5"/>
    <sprite n="proton_01.png" x="60" y="2" w="13" h="13" pX="0.5" pY="0.5"/>
    <sprite n="proton_02.png" x="49" y="2" w="9" h="10" pX="0.5" pY="0.5"/>
    <sprite n="proton_03.png" x="8" y="2" w="5" h="5" pX="0.5" pY="0.5"/>
    <sprite n="vulcan_1.png" x="22" y="2" w="6" h="22" pX="0.5" pY="0.5"/>
    <sprite n="vulcan_2.png" x="38" y="2" w="9" h="22" pX="0.5" pY="0.5"/>
    <sprite n="vulcan_3.png" x="2" y="2" w="4" h="14" pX="0.5" pY="0.5"/>
</TextureAtlas>
